dataset_name,dataset_json,dataset_keys
directory-state-01,"{'loaded_rows': 71871, 'dataset_name': 'directory-state-01', 'rejected_rows': 0, 'published_rows': 71871, 'merged_duplicate_rows': None, 'published_finished_at': '2026-08-10T05:04:34.411+00:00'}","['dataset_name', 'loaded_rows', 'merged_duplicate_rows', 'published_finished_at', 'published_rows', 'rejected_rows']"
directory-state-02,"{'loaded_rows': 139208, 'dataset_name': 'directory-state-02', 'rejected_rows': 0, 'published_rows': 139208, 'merged_duplicate_rows': None, 'published_finished_at': '2026-08-10T05:04:34.411+00:00'}","['dataset_name', 'loaded_rows', 'merged_duplicate_rows', 'published_finished_at', 'published_rows', 'rejected_rows']"
directory-state-03,"{'loaded_rows': 42577, 'dataset_name': 'directory-state-03', 'rejected_rows': 0, 'published_rows': 42577, 'merged_duplicate_rows': None, 'published_finished_at': '2026-08-10T05:04:34.411+00:00'}","['dataset_name', 'loaded_rows', 'merged_duplicate_rows', 'published_finished_at', 'published_rows', 'rejected_rows']"
directory-state-04,"{'loaded_rows': 47821, 'dataset_name': 'directory-state-04', 'rejected_rows': 0, 'published_rows': 47821, 'merged_duplicate_rows': None, 'published_finished_at': '2026-08-10T05:04:34.411+00:00'}","['dataset_name', 'loaded_rows', 'merged_duplicate_rows', 'published_finished_at', 'published_rows', 'rejected_rows']"
directory-state-05,"{'loaded_rows': 126952, 'dataset_name': 'directory-state-05', 'rejected_rows': 0, 'published_rows': 126952, 'merged_duplicate_rows': None, 'published_finished_at': '2026-08-10T05:04:34.411+00:00'}","['dataset_name', 'loaded_rows', 'merged_duplicate_rows', 'published_finished_at', 'published_rows', 'rejected_rows']"
directory-state-06,"{'loaded_rows': 42073, 'dataset_name': 'directory-state-06', 'rejected_rows': 0, 'published_rows': 42073, 'merged_duplicate_rows': None, 'published_finished_at': '2026-08-10T05:04:34.411+00:00'}","['dataset_name', 'loaded_rows', 'merged_duplicate_rows', 'published_finished_at', 'published_rows', 'rejected_rows']"
directory-state-07,"{'loaded_rows': 250960, 'dataset_name': 'directory-state-07', 'rejected_rows': 0, 'published_rows': 250960, 'merged_duplicate_rows': None, 'published_finished_at': '2026-08-10T05:04:34.411+00:00'}","['dataset_name', 'loaded_rows', 'merged_duplicate_rows', 'published_finished_at', 'published_rows', 'rejected_rows']"
directory-state-08,"{'loaded_rows': 142295, 'dataset_name': 'directory-state-08', 'rejected_rows': 0, 'published_rows': 142295, 'merged_duplicate_rows': None, 'published_finished_at': '2026-08-10T05:04:34.411+00:00'}","['dataset_name', 'loaded_rows', 'merged_duplicate_rows', 'published_finished_at', 'published_rows', 'rejected_rows']"
directory-state-09,"{'loaded_rows': 462732, 'dataset_name': 'directory-state-09', 'rejected_rows': 0, 'published_rows': 462732, 'merged_duplicate_rows': None, 'published_finished_at': '2026-08-10T05:04:34.411+00:00'}","['dataset_name', 'loaded_rows', 'merged_duplicate_rows', 'published_finished_at', 'published_rows', 'rejected_rows']"
directory-state-10,"{'loaded_rows': 75111, 'dataset_name': 'directory-state-10', 'rejected_rows': 0, 'published_rows': 75111, 'merged_duplicate_rows': None, 'published_finished_at': '2026-08-10T05:04:34.411+00:00'}","['dataset_name', 'loaded_rows', 'merged_duplicate_rows', 'published_finished_at', 'published_rows', 'rejected_rows']"
directory-state-11,"{'loaded_rows': 296441, 'dataset_name': 'directory-state-11', 'rejected_rows': 0, 'published_rows': 296441, 'merged_duplicate_rows': None, 'published_finished_at': '2026-08-10T05:04:34.411+00:00'}","['dataset_name', 'loaded_rows', 'merged_duplicate_rows', 'published_finished_at', 'published_rows', 'rejected_rows']"
directory-state-12,"{'loaded_rows': 185797, 'dataset_name': 'directory-state-12', 'rejected_rows': 0, 'published_rows': 185797, 'merged_duplicate_rows': None, 'published_finished_at': '2026-08-10T05:04:34.411+00:00'}","['dataset_name', 'loaded_rows', 'merged_duplicate_rows', 'published_finished_at', 'published_rows', 'rejected_rows']"
directory-state-13,"{'loaded_rows': 160666, 'dataset_name': 'directory-state-13', 'rejected_rows': 0, 'published_rows': 160666, 'merged_duplicate_rows': None, 'published_finished_at': '2026-08-10T05:04:34.411+00:00'}","['dataset_name', 'loaded_rows', 'merged_duplicate_rows', 'published_finished_at', 'published_rows', 'rejected_rows']"
directory-state-14,"{'loaded_rows': 401813, 'dataset_name': 'directory-state-14', 'rejected_rows': 0, 'published_rows': 401813, 'merged_duplicate_rows': None, 'published_finished_at': '2026-08-10T05:04:34.411+00:00'}","['dataset_name', 'loaded_rows', 'merged_duplicate_rows', 'published_finished_at', 'published_rows', 'rejected_rows']"
directory-state-15-part-1,"{'loaded_rows': 520000, 'dataset_name': 'directory-state-15-part-1', 'rejected_rows': 0, 'published_rows': 520000, 'merged_duplicate_rows': None, 'published_finished_at': '2026-08-10T05:04:34.411+00:00'}","['dataset_name', 'loaded_rows', 'merged_duplicate_rows', 'published_finished_at', 'published_rows', 'rejected_rows']"
directory-state-15-part-2,"{'loaded_rows': 300853, 'dataset_name': 'directory-state-15-part-2', 'rejected_rows': 0, 'published_rows': 300853, 'merged_duplicate_rows': None, 'published_finished_at': '2026-08-10T05:04:34.411+00:00'}","['dataset_name', 'loaded_rows', 'merged_duplicate_rows', 'published_finished_at', 'published_rows', 'rejected_rows']"
directory-state-16,"{'loaded_rows': 287049, 'dataset_name': 'directory-state-16', 'rejected_rows': 0, 'published_rows': 287049, 'merged_duplicate_rows': None, 'published_finished_at': '2026-08-10T05:04:34.411+00:00'}","['dataset_name', 'loaded_rows', 'merged_duplicate_rows', 'published_finished_at', 'published_rows', 'rejected_rows']"
directory-state-17,"{'loaded_rows': 113066, 'dataset_name': 'directory-state-17', 'rejected_rows': 0, 'published_rows': 113066, 'merged_duplicate_rows': None, 'published_finished_at': '2026-08-10T05:04:34.411+00:00'}","['dataset_name', 'loaded_rows', 'merged_duplicate_rows', 'published_finished_at', 'published_rows', 'rejected_rows']"
directory-state-18,"{'loaded_rows': 73357, 'dataset_name': 'directory-state-18', 'rejected_rows': 0, 'published_rows': 73357, 'merged_duplicate_rows': None, 'published_finished_at': '2026-08-10T05:04:34.411+00:00'}","['dataset_name', 'loaded_rows', 'merged_duplicate_rows', 'published_finished_at', 'published_rows', 'rejected_rows']"
directory-state-19,"{'loaded_rows': 211349, 'dataset_name': 'directory-state-19', 'rejected_rows': 0, 'published_rows': 211349, 'merged_duplicate_rows': None, 'published_finished_at': '2026-08-10T05:04:34.411+00:00'}","['dataset_name', 'loaded_rows', 'merged_duplicate_rows', 'published_finished_at', 'published_rows', 'rejected_rows']"
directory-state-20,"{'loaded_rows': 280588, 'dataset_name': 'directory-state-20', 'rejected_rows': 0, 'published_rows': 280588, 'merged_duplicate_rows': None, 'published_finished_at': '2026-08-10T05:04:34.411+00:00'}","['dataset_name', 'loaded_rows', 'merged_duplicate_rows', 'published_finished_at', 'published_rows', 'rejected_rows']"
directory-state-21,"{'loaded_rows': 410693, 'dataset_name': 'directory-state-21', 'rejected_rows': 0, 'published_rows': 410693, 'merged_duplicate_rows': None, 'published_finished_at': '2026-08-10T05:04:34.411+00:00'}","['dataset_name', 'loaded_rows', 'merged_duplicate_rows', 'published_finished_at', 'published_rows', 'rejected_rows']"
directory-state-22,"{'loaded_rows': 108868, 'dataset_name': 'directory-state-22', 'rejected_rows': 0, 'published_rows': 108868, 'merged_duplicate_rows': None, 'published_finished_at': '2026-08-10T05:04:34.411+00:00'}","['dataset_name', 'loaded_rows', 'merged_duplicate_rows', 'published_finished_at', 'published_rows', 'rejected_rows']"
directory-state-23,"{'loaded_rows': 69260, 'dataset_name': 'directory-state-23', 'rejected_rows': 0, 'published_rows': 69260, 'merged_duplicate_rows': None, 'published_finished_at': '2026-08-10T05:04:34.411+00:00'}","['dataset_name', 'loaded_rows', 'merged_duplicate_rows', 'published_finished_at', 'published_rows', 'rejected_rows']"
directory-state-24,"{'loaded_rows': 127613, 'dataset_name': 'directory-state-24', 'rejected_rows': 0, 'published_rows': 127613, 'merged_duplicate_rows': None, 'published_finished_at': '2026-08-10T05:04:34.411+00:00'}","['dataset_name', 'loaded_rows', 'merged_duplicate_rows', 'published_finished_at', 'published_rows', 'rejected_rows']"
directory-state-25,"{'loaded_rows': 138882, 'dataset_name': 'directory-state-25', 'rejected_rows': 0, 'published_rows': 138882, 'merged_duplicate_rows': None, 'published_finished_at': '2026-08-10T05:04:34.411+00:00'}","['dataset_name', 'loaded_rows', 'merged_duplicate_rows', 'published_finished_at', 'published_rows', 'rejected_rows']"
directory-state-26,"{'loaded_rows': 128315, 'dataset_name': 'directory-state-26', 'rejected_rows': 0, 'published_rows': 128315, 'merged_duplicate_rows': None, 'published_finished_at': '2026-08-10T05:04:34.411+00:00'}","['dataset_name', 'loaded_rows', 'merged_duplicate_rows', 'published_finished_at', 'published_rows', 'rejected_rows']"
directory-state-27,"{'loaded_rows': 95379, 'dataset_name': 'directory-state-27', 'rejected_rows': 0, 'published_rows': 95379, 'merged_duplicate_rows': None, 'published_finished_at': '2026-08-10T05:04:34.411+00:00'}","['dataset_name', 'loaded_rows', 'merged_duplicate_rows', 'published_finished_at', 'published_rows', 'rejected_rows']"
directory-state-28,"{'loaded_rows': 148882, 'dataset_name': 'directory-state-28', 'rejected_rows': 0, 'published_rows': 148882, 'merged_duplicate_rows': None, 'published_finished_at': '2026-08-10T05:04:34.411+00:00'}","['dataset_name', 'loaded_rows', 'merged_duplicate_rows', 'published_finished_at', 'published_rows', 'rejected_rows']"
directory-state-29,"{'loaded_rows': 99366, 'dataset_name': 'directory-state-29', 'rejected_rows': 0, 'published_rows': 99366, 'merged_duplicate_rows': None, 'published_finished_at': '2026-08-10T05:04:34.411+00:00'}","['dataset_name', 'loaded_rows', 'merged_duplicate_rows', 'published_finished_at', 'published_rows', 'rejected_rows']"
directory-state-30,"{'loaded_rows': 356724, 'dataset_name': 'directory-state-30', 'rejected_rows': 0, 'published_rows': 356724, 'merged_duplicate_rows': None, 'published_finished_at': '2026-08-10T05:04:34.411+00:00'}","['dataset_name', 'loaded_rows', 'merged_duplicate_rows', 'published_finished_at', 'published_rows', 'rejected_rows']"
directory-state-31,"{'loaded_rows': 146384, 'dataset_name': 'directory-state-31', 'rejected_rows': 0, 'published_rows': 146384, 'merged_duplicate_rows': None, 'published_finished_at': '2026-08-10T05:04:34.411+00:00'}","['dataset_name', 'loaded_rows', 'merged_duplicate_rows', 'published_finished_at', 'published_rows', 'rejected_rows']"
directory-state-32,"{'loaded_rows': 75130, 'dataset_name': 'directory-state-32', 'rejected_rows': 0, 'published_rows': 75130, 'merged_duplicate_rows': None, 'published_finished_at': '2026-08-10T05:04:34.411+00:00'}","['dataset_name', 'loaded_rows', 'merged_duplicate_rows', 'published_finished_at', 'published_rows', 'rejected_rows']"
