name,rows,columns,csv,json,domains,fields,scopes
canonical_low_card_relation_columns,66,"['table_schema', 'table_name', 'ordinal_position', 'column_name', 'data_type', 'udt_name']",dataframes/canonical_low_card_relation_columns.csv,dataframes/canonical_low_card_relation_columns.json,[],[],[]
denue_base_relation_metadata,3,"['schema', 'relname', 'relkind', 'reltuples_estimate', 'relpages']",dataframes/denue_base_relation_metadata.csv,dataframes/denue_base_relation_metadata.json,[],[],"['market_data', 'public']"
denue_directory_entries_columns,0,"['ordinal_position', 'column_name', 'data_type', 'udt_name', 'is_nullable']",dataframes/denue_directory_entries_columns.csv,dataframes/denue_directory_entries_columns.json,[],[],[]
denue_directory_entries_columns_all_schemas,0,"['table_schema', 'table_name', 'ordinal_position', 'column_name', 'data_type', 'udt_name', 'is_nullable']",dataframes/denue_directory_entries_columns_all_schemas.csv,dataframes/denue_directory_entries_columns_all_schemas.json,[],[],[]
denue_directory_entries_indexes,13,"['schemaname', 'tablename', 'indexname', 'indexdef']",dataframes/denue_directory_entries_indexes.csv,dataframes/denue_directory_entries_indexes.json,[],[],[]
denue_directory_entries_pg_columns,32,"['ordinal_position', 'column_name', 'type_name', 'attnotnull']",dataframes/denue_directory_entries_pg_columns.csv,dataframes/denue_directory_entries_pg_columns.json,[],[],[]
denue_directory_relation_metadata,1,"['schema', 'relname', 'relkind', 'reltuples_estimate', 'relpages', 'view_definition']",dataframes/denue_directory_relation_metadata.csv,dataframes/denue_directory_relation_metadata.json,[],[],['market_data']
denue_directory_rows_relation_metadata,1,"['schema', 'relname', 'relkind', 'reltuples_estimate', 'relpages', 'view_definition']",dataframes/denue_directory_rows_relation_metadata.csv,dataframes/denue_directory_rows_relation_metadata.json,[],[],['market_data']
denue_minimal_sample_25,25,"['source_slug', 'dataset_name', 'source_record_id', 'observed_kind', 'legal_name', 'trade_name', 'activity_text', 'country_code', 'state_code', 'state_name', 'municipality', 'postal_code', 'website', 'domain']",dataframes/denue_minimal_sample_25.csv,dataframes/denue_minimal_sample_25.json,[],[],['denue']
denue_view_base_relations_metadata,4,"['schema', 'relname', 'relkind', 'reltuples_estimate', 'relpages']",dataframes/denue_view_base_relations_metadata.csv,dataframes/denue_view_base_relations_metadata.json,[],[],['market_data']
exact_low_cardinality_live_value_counts,124,"['query_started_at', 'query_finished_at', 'server_elapsed', 'relation_name', 'source_slug', 'field_name', 'field_value', 'field_value_is_null', 'frequency', 'rows_in_relation_source', 'frequency_pct_within_relation_source']",dataframes/exact_low_cardinality_live_value_counts.csv,dataframes/exact_low_cardinality_live_value_counts.json,[],"['actionability', 'amount_scope', 'announcement_character', 'contract_status', 'contracting_type', 'currency', 'is_mipyme', 'procedure_type', 'source_slug', 'status', 'supplier_country', 'supplier_size']","['awards', 'cfe-contratos-adjudicados', 'comprasmx-contratos', 'tenders']"
live_dataset_coverage_summary,6,"['measured_at', 'relation', 'source_slug', 'visible_rows', 'coverage', 'content_sha256', 'updated_at']",dataframes/live_dataset_coverage_summary.csv,dataframes/live_dataset_coverage_summary.json,[],[],"['awards', 'cfe-contratos-adjudicados', 'comprasmx-contratos', 'denue', 'directory', 'dirind', 'mexicoindustry', 'tenders']"
live_denue_coverage_dataset_keys,33,"['dataset_name', 'dataset_json', 'dataset_keys']",dataframes/live_denue_coverage_dataset_keys.csv,dataframes/live_denue_coverage_dataset_keys.json,[],[],[]
live_denue_coverage_datasets,33,"['measured_at', 'relation', 'source_slug', 'dataset_name', 'loaded_rows', 'published_rows', 'rejected_rows', 'merged_duplicate_rows', 'published_finished_at']",dataframes/live_denue_coverage_datasets.csv,dataframes/live_denue_coverage_datasets.json,[],[],"['denue', 'directory']"
live_denue_coverage_detail,1,"['measured_at', 'relation', 'source_slug', 'visible_rows', 'published_finished_at', 'content_sha256', 'coverage_type', 'coverage_json']",dataframes/live_denue_coverage_detail.csv,dataframes/live_denue_coverage_detail.json,[],[],"['denue', 'directory']"
prof_awards_scalar_summary_compact,9,"['measured_at', 'domain', 'source_scope', 'field_name', 'rows_examined', 'null_count', 'null_rate_pct', 'cardinality']",dataframes/prof_awards_scalar_summary_compact.csv,dataframes/prof_awards_scalar_summary_compact.json,['awards'],"['amount_scope', 'contract_status', 'contracting_type', 'currency', 'is_mipyme', 'procedure_type', 'source_slug', 'supplier_country', 'supplier_size']",['all']
prof_directory_denue_sample_jsonb_row_stats_1000,6,"['measured_at', 'domain', 'source_scope', 'sample_method', 'field_name', 'sampled_rows_examined', 'null_count', 'array_count', 'object_count', 'string_count', 'other_count', 'empty_array_count', 'non_empty_array_count', 'avg_array_length', 'max_array_length']",dataframes/prof_directory_denue_sample_jsonb_row_stats_1000.csv,dataframes/prof_directory_denue_sample_jsonb_row_stats_1000.json,['directory'],"['business_contacts', 'categories', 'industry_codes', 'products_services', 'source_fields', 'supplier_roles']",['denue']
prof_directory_denue_sample_jsonb_safe_top_values_1000,99,"['measured_at', 'domain', 'source_scope', 'sample_method', 'field_name', 'value_type_or_key', 'value_text', 'frequency']",dataframes/prof_directory_denue_sample_jsonb_safe_top_values_1000.csv,dataframes/prof_directory_denue_sample_jsonb_safe_top_values_1000.json,['directory'],"['business_contacts', 'industry_codes', 'products_services', 'source_fields']",['denue']
prof_directory_denue_sample_scalar_summary_5000,14,"['measured_at', 'domain', 'source_scope', 'sample_method', 'field_name', 'sampled_rows_examined', 'null_count', 'null_rate_pct', 'cardinality', 'non_null_count']",dataframes/prof_directory_denue_sample_scalar_summary_5000.csv,dataframes/prof_directory_denue_sample_scalar_summary_5000.json,['directory'],"['activity_text', 'country_code', 'dataset_name', 'domain', 'legal_name', 'municipality', 'observed_kind', 'postal_code', 'source_record_id', 'source_slug', 'state_code', 'state_name', 'trade_name', 'website']",['denue']
prof_directory_denue_sample_scalar_top_values_5000,152,"['measured_at', 'domain', 'source_scope', 'sample_method', 'field_name', 'field_value', 'frequency', 'sample_rows_examined', 'frequency_pct']",dataframes/prof_directory_denue_sample_scalar_top_values_5000.csv,dataframes/prof_directory_denue_sample_scalar_top_values_5000.json,['directory'],"['activity_text', 'country_code', 'dataset_name', 'municipality', 'observed_kind', 'postal_code', 'state_code', 'state_name']",['denue']
prof_directory_dirind_categories_row_stats,1,"['measured_at', 'domain', 'source_scope', 'field_name', 'rows_examined', 'null_count', 'empty_array_count', 'rows_with_categories', 'categories_type_distribution']",dataframes/prof_directory_dirind_categories_row_stats.csv,dataframes/prof_directory_dirind_categories_row_stats.json,['directory'],['categories'],['dirind']
prof_directory_mexicoindustry_categories_row_stats,1,"['measured_at', 'domain', 'source_scope', 'field_name', 'rows_examined', 'null_count', 'empty_array_count', 'rows_with_categories', 'categories_type_distribution']",dataframes/prof_directory_mexicoindustry_categories_row_stats.csv,dataframes/prof_directory_mexicoindustry_categories_row_stats.json,['directory'],['categories'],['mexicoindustry']
prof_directory_small_business_contacts_key_counts,12,"['source_scope', 'element_json_type', 'key_name', 'frequency']",dataframes/prof_directory_small_business_contacts_key_counts.csv,dataframes/prof_directory_small_business_contacts_key_counts.json,[],[],"['dirind', 'mexicoindustry']"
prof_directory_small_business_contacts_metadata_counts,16,"['measured_at', 'domain', 'field_name', 'source_scope', 'metadata_field', 'metadata_value', 'frequency']",dataframes/prof_directory_small_business_contacts_metadata_counts.csv,dataframes/prof_directory_small_business_contacts_metadata_counts.json,['directory'],['business_contacts'],"['dirind', 'mexicoindustry']"
prof_directory_small_business_contacts_row_stats,2,"['measured_at', 'domain', 'field_name', 'source_scope', 'rows_examined', 'null_count', 'empty_array_count', 'rows_with_business_contacts', 'business_contacts_type_distribution', 'min_array_length', 'avg_array_length', 'max_array_length']",dataframes/prof_directory_small_business_contacts_row_stats.csv,dataframes/prof_directory_small_business_contacts_row_stats.json,['directory'],['business_contacts'],"['dirind', 'mexicoindustry']"
prof_directory_small_industry_codes_summary,2,"['measured_at', 'domain', 'source_slug', 'field_name', 'rows_examined', 'null_count', 'empty_array_count', 'rows_with_codes', 'total_code_items', 'distinct_code_count', 'distinct_label_count', 'top_25_code_label_pairs', 'singleton_pair_count', 'low_frequency_pair_count_le_10']",dataframes/prof_directory_small_industry_codes_summary.csv,dataframes/prof_directory_small_industry_codes_summary.json,['directory'],['industry_codes'],"['dirind', 'mexicoindustry']"
prof_directory_small_supplier_roles_row_stats,2,"['measured_at', 'domain', 'field_name', 'source_scope', 'rows_examined', 'null_count', 'empty_array_count', 'rows_with_supplier_roles', 'supplier_roles_type_distribution']",dataframes/prof_directory_small_supplier_roles_row_stats.csv,dataframes/prof_directory_small_supplier_roles_row_stats.json,['directory'],['supplier_roles'],"['dirind', 'mexicoindustry']"
prof_tenders_scalar_summary_compact,8,"['measured_at', 'domain', 'source_scope', 'field_name', 'rows_examined', 'null_count', 'null_rate_pct', 'cardinality']",dataframes/prof_tenders_scalar_summary_compact.csv,dataframes/prof_tenders_scalar_summary_compact.json,['tenders'],"['actionability', 'announcement_character', 'contracting_type', 'is_open', 'procedure_type', 'source_slug', 'state_name', 'status']",['comprasmx-contratos']
